"Link","Best Seller Rank","Total_Sellers or Offers","Buy Box Price","FBA","Sellers","Brand","ASIN","Title","No of reviews","Weight and Dimensions","Seller Prices","Page No"
"http://www.amazon.in/dp/B072PZ1W89","#82 in Baby Products  ","1","299.00","YES","Cloudtail India","Baby Dove                         ","B072PZ1W89","Baby Dove Rich Moisture Hair to Toe Baby Wash (400ml)                                                        ","8","458 g   /  ","299","3"
"http://www.amazon.in/dp/B01E5O81XE","#189 in Baby Products  ","1","430.00","YES","First Kids Step","First kids Step                         ","B01E5O81XE","First Kids Step New Born Baby Cloth Single layer Nappy 0 to 3 months (Pack of 24)                                                        ","30","299 g   / 5 x 5 x 5 cm ","430","3"
"http://www.amazon.in/dp/B0063BLDGK","#68 in Baby Products  ","10","560.00","YES","Cloudtail India # Siddheshwar Shopi # AGRAWAL ENTERPRISES GAYA # excelenmedicalsystems # R.k.traders # Sri Lakshmi Agencies # BALAjimedicos # Uttam Medicals # MOM & BABY # Shraddha Online","Himalaya                         ","B0063BLDGK","Himalaya Herbals Babycare Gift Basket                                                        ","633","1.2 Kg   / 2.5 x 2.5 x 2.5 cm ","560 # 560 # 581 # 599 # 604 # 610 # 615 # 630 # 630 # 630","3"
"http://www.amazon.in/dp/B0063BN5VQ","#67 in Baby Products  ","10","127.00","YES","MYMART # Cloudtail India # KATALYSST # GoNutrio # Redlily Store # MADAN ENTERPRISESS # Baby  World # Vinayak enterprises # MBMInnovations # makeURkart","Himalaya                         ","B0063BN5VQ","Himalaya Herbals Gentle Baby Shampoo (200ml)                                                        ","251","249 g   / 2.5 x 2.5 x 2.5 cm ","125 # 127 # 160 # 195 # 209 # 225 # 225 # 225 # 235 # 239","3"
"http://www.amazon.in/dp/B01LNRIJI8","#53 in Baby Products  ","6","162.00","YES","Cloudtail India # MBMInnovations # VEDHAA # VERTI # suhagan cosmeitcs # Dr APJ. Abdulakalam edu. Services","Baby Dove                         ","B01LNRIJI8","Baby Dove Baby Lotion Rich Moisture (200ml)                                                        ","223","222 g   / 9.9 x 4.1 x 11.2 cm ","162 # 240 # 240 # 309 # 310 # 419","3"
"http://www.amazon.in/dp/B01CI1VPC0","","0","1164.00","YES","","Pampers                         ","B01CI1VPC0","Pampers Active Baby Extra Large Size Diapers  (56 count)                                                        ","5","1.8 Kg   /  ","","3"
"http://www.amazon.in/dp/B01N2NPJ1W","#99 in Baby Products  ","5","293.00","YES","Cloudtail India # mamaearth # Redlily Store # F.O.R. # Juniors Junction","Mamaearth                         ","B01N2NPJ1W","Mamaearth Natural Insect Repellent for babies (100 ml 0-5 Yrs)                                                        ","173","141 g   /  ","293 # 293 # 349 # 368 # 373","3"
"http://www.amazon.in/dp/B00MVVETTE","#624 in Health & Personal Care      ","3","277.00","YES","Cloudtail India # VAPI GENERAL STORE # VAPI GENERAL STORE","Nestle                         ","B00MVVETTE","Nestl\xe9 LACTOGEN 3 Follow Up  Infant Formula (after 12 Months) 400g                                                        ","31"," 458 g  /  ","277 # 417 # 417","3"
"http://www.amazon.in/dp/B007AEZP36","#51 in Baby Products  ","10","131.00","YES","Cloudtail India # Patiala Departmental store # Primarc Pecan Retail # ALFAMEDI # GoNutrio # Redlily Store # Vinayak enterprises # Baby  World # SURYA HERBALS # TINY TOES","Himalaya                         ","B007AEZP36","Himalaya Herbals Baby Massage Oil (200ml)                                                        ","813","200 g   / 2.5 x 2.5 x 2.5 cm ","131 # 145 # 170 # 200 # 205 # 218 # 225 # 235 # 235 # 245","3"
"http://www.amazon.in/dp/B01JFY0AKQ","#1039 in Baby Products  ","7","1175.00","YES","SHIVA  INDUSTRIES # Cloudtail India # Quality Outlet # Amardeep and Co # Nagarinternational # Baby Joys # Pihu Enterprises.","Amardeep and Co                         ","B01JFY0AKQ","Amardeep Baby Bedding Set Cum Play Mat (Blue)                                                        ","14","100 g   / 110 x 10 x 80 cm ","1149 # 1175 # 1299 # 1300 # 1343 # 1455 # 1475","3"
"http://www.amazon.in/dp/B00AR9P752","#261 in Baby Products  ","5","79.00","YES","Cloudtail India # BABYHOMES # Redlily Store # Rainbowkidsuna # TINY TOES","Chicco                         ","B00AR9P752","Chicco Baby Moments Soap 125g                                                        ","64","118 g   / 2.5 x 2.5 x 2.5 cm ","79 # 95 # 149 # 155 # 165","3"
"http://www.amazon.in/dp/B00AGU5GEY","#96 in Baby Products  ","7","261.00","YES","Cloudtail India # Health and Glow # Redlily Store # Surabhi Ventures # VAPI GENERAL STORE # choice gallery # GOOD LUCK JAIPUR","Johnsons                         ","B00AGU5GEY","Johnsons Top to Toe Baby wash (500ml)                                                        ","149","9 g   / 24.4 x 13.7 x 53.3 cm ","261 # 290 # 290 # 350 # 384 # 275 # 290","3"
"http://www.amazon.in/dp/B01GTULH10","#210 in Baby Products  ","5","80.00","NO","TINY TOES # Bacchpan # Veer Parshwa Agency # Redlily Store # TSS Products","Littles                         ","B01GTULH10","Littles Soft Cleansing Baby Wipes (80 Count)                                                        ","293","449 g   /  ","155 # 168 # 168 # 169 # 174","3"
"http://www.amazon.in/dp/B01GYKTAGY","#167 in Garden & Outdoors      ","1","999.00","YES","SOUMYA ENTERPRISE","HEALTHY SLEEPING                         ","B01GYKTAGY","Healthy Sleeping Foldable Polyester Double Bed Mosquito Net (Light Pink)                                                        ","308","  /  ","999","3"
"http://www.amazon.in/dp/B0126LLPQI","#102 in Baby Products  ","2","299.00","NO","DN Sellers # Super easydeals","MamyPoko                         ","B0126LLPQI","Mamy Poko Pant Style NB Size Diapers (32 Count)                                                        ","116","649 g   /  ","449 # 698","3"
"http://www.amazon.in/dp/B008YD57OO","#3 in Baby Products  ","10","112.00","YES","Cloudtail India # Primarc Pecan Retail # Redlily Store # Juniors Junction # Oboesys Lifecare Private Limited # TINY TOES # Reflection men's wear # VAPI GENERAL STORE # TSS Products # Shopping Sansar","Himalaya                         ","B008YD57OO","Himalaya Herbals Baby  Powder (400 gram)                                                        ","157","476 g   / 2.5 x 2.5 x 2.5 cm ","112 # 180 # 180 # 220 # 225 # 234 # 235 # 249 # 259 # 265","3"
"http://www.amazon.in/dp/B01MS9KO3J","#103 in Baby Products  ","5","335.00","YES","Cloudtail India # Redlily Store # MBMInnovations # TSS Products # VEDA ENTERPRISES AND TOYS STORE","Luvlap                         ","B01MS9KO3J","LuvLap Baby Laundry Liquid Detergent Refill Pack (1L)                                                        ","179","1 Kg   /  ","335 # 529 # 559 # 578 # 679","4"
"http://www.amazon.in/dp/B0090D1NPE","#178 in Baby Products  ","10","348.40","YES","BABYHOMES # F.O.R. # Rainbowkidsuna # shubhlaxmi baby care # FFCP # Juniors Junction # MBMInnovations # GLITTER COSMETICS AND ACCESSORIES # Shishu Paradise # TINY TOES","Mothercare                         ","B0090D1NPE","Mothercare All We Know Baby Milk Bath 300ml                                                        ","82","141 g   /  ","325 # 348 # 385 # 390 # 394 # 429 # 429 # 429 # 444 # 474","4"
"http://www.amazon.in/dp/B00XPDH57U","#136 in Baby Products  ","8","2199.00","YES","Cloudtail India # Baby Joys # Baby Joys # Nagarinternational # Nagarinternational # Ehomekart # Pihu Enterprises. # Iblay","Amardeep and Co                         ","B00XPDH57U","Amardeep and Co Baby Tricycle 86*64*33 cms 1-3 yrs W/Shade and Parental Control (Blue) - Blue1522MC                                                        ","318","6 Kg   / 86 x 33 x 64 cm ","2199 # 2276 # 2276 # 2326 # 2326 # 2345 # 2452 # 2549","4"
"http://www.amazon.in/dp/B075HHXPV1","#253 in Baby Products  ","5","299.00","YES","Mee Mee # Reflection men's wear # KRISHIV LIFESTYLE # Oreo LifeStyle # YASH SHIV","Mee Mee                         ","B075HHXPV1","Mee Mee Mild Baby Shampoo with Fruit Extracts (500ml)                                                        ","","599 g   /  ","299 # 354 # 398 # 448 # 448","4"
"http://www.amazon.in/dp/B008YD5Q2W","#117 in Baby Products  ","6","148.00","YES","Cloudtail India # BABYHOMES # Redlily Store # Dr APJ. Abdulakalam edu. Services # MBMInnovations # Super easydeals","Johnsons                         ","B008YD5Q2W","Johnsons Baby Nappy Pads (20 pads)                                                        ","347","417 g   / 55.9 x 26.7 x 47 cm ","148 # 175 # 218 # 222 # 240 # 499","4"
"http://www.amazon.in/dp/B0753CNN5N","#714 in Baby Products  ","1","250.00","YES","LifestyleYou","Lifestyle-You                         ","B0753CNN5N","Lifestyle-You\u2122 Child Safety Strip Cushion For Baby Safety Child Proofing (White)                                                        ","","132 g   /  ","250","4"
"http://www.amazon.in/dp/B017IAH020","#10 in Baby Products  ","4","595.00","YES","Cloudtail India # BabyCenterIndia # Redlily Store # Super easydeals","MamyPoko                         ","B017IAH020","MamyPoko Small Size Pants (80 Count)                                                        ","116","2 Kg   /  ","595 # 799 # 930 # 1129","4"
"http://www.amazon.in/dp/B01CFYRJTI","#35 in Baby Products  ","9","374.00","YES","Cloudtail India # AviYogi # Redlily Store # Degree medicos # Baybee Shoppee # Baybee Shoppee # Smart_bestdeal # Super easydeals # THANK U JESUS PHARMACY","Pampers                         ","B01CFYRJTI","Pampers Small Size Diaper Pants (42 Count)                                                        ","381","848 g   /  ","374 # 444 # 499 # 499 # 559 # 559 # 689 # 698 # 499","4"
"http://www.amazon.in/dp/B074RRKJ3F","#2663 in Baby Products  ","1","5499.00","YES","Cloudtail India","Tiffy & Toffee                         ","B074RRKJ3F","Tiffy & Toffee Premium Luxury Baby Wooden Bed with Wheels (Brown)                                                        ","","12 Kg   /  ","5499","4"
"http://www.amazon.in/dp/B00EUBFY92","#119 in Baby Products  ","10","439.00","YES","Cloudtail India # BABY STATION # Kidzs point # Mee Mee # KRISHIV LIFESTYLE # BABY N TOYYS™ # MBMInnovations # 1st baby store # YASH SHIV # Oreo LifeStyle","Mee Mee                         ","B00EUBFY92","Mee Mee MM-1305  Baby Laundry Detergent 1.2Ltr                                                        ","228","1.2 Kg   /  ","439 # 439 # 515 # 549 # 648 # 659 # 664 # 669 # 698 # 698","4"
"http://www.amazon.in/dp/B06XVSRKX6","#237 in Baby Products  ","1","329.00","YES","Littel Angel (Fisher Price)","Fisher-Price                         ","B06XVSRKX6","Fisher Price 125ml Squeezy Silicone Feeder for Baby (Multicolor)                                                        ","27","163 g   /  ","329","4"
"http://www.amazon.in/dp/B01N362DN7","#91 in Baby Products  ","6","335.00","YES","Cloudtail India # Redlily Store # BABY N TOYYS™ # MBMInnovations # TSS Products # Vishrut Enterprises","Luvlap                         ","B01N362DN7","LuvLap Anti-Bacterial Baby Bottles Accessories and Vegetable Liquid Cleanser Refill Pack (1L)                                                        ","239","1 Kg   /  ","335 # 529 # 539 # 559 # 578 # 665","4"
"http://www.amazon.in/dp/B071XSH455","#339 in Baby Products  ","1","160.00","YES","Cloudtail India","Wetty                         ","B071XSH455","Wetty Premium Wet Wipes - Fresh (80 + 80 Count)                                                        ","3","1.1 Kg   /  ","160","4"
"http://www.amazon.in/dp/B00EY7SW64","#74 in Baby Products  ","10","419.00","YES","Cloudtail India # Beyond Toys And Gifts # Buzz Lotus # Redlily Store # BABYHOMES # Olympia Industries Ltd. # Planet  M # TANAY ENTERPRISES # knickknack42 # Damurhu sales corporation","Chicco                         ","B00EY7SW64","Chicco Baby Moments Gentle Body Wash and Shampoo (500ml)                                                        ","194","630 g   / 9 x 525 x 22 cm ","419 # 419 # 439 # 449 # 455 # 469 # 478 # 499 # 499 # 519","4"
"http://www.amazon.in/dp/B00H5NMNXC","#21 in Baby Products  ","10","270.00","YES","BABYHOMES # BLUE C # Sri Lakshmi Agencies # Ranjeet Store # Cloudtail India # Relief Medico # MYMART # SOHAM MEDICALS # Thulir Healthcare # Goel Stores Kavi Nagar GZB","Himalaya                         ","B00H5NMNXC","Himalaya Baby Shampoo (400 ml)                                                        ","251","440 g   / 5 x 2 x 5 cm ","217 # 248 # 258 # 269 # 270 # 270 # 270 # 270 # 270 # 276","4"
"http://www.amazon.in/dp/B01GTRWBAY","","0","324.00","YES","","Johnsons                         ","B01GTRWBAY","Johnsons Baby Wipes (2 Packs 80 Sheets per Pack)                                                        ","29","1.2 Kg   /  ","","4"
"http://www.amazon.in/dp/B073TTDMBQ","#440 in Baby Products  ","1","279.00","YES","LifestyleYou","Lifestyle-You                         ","B073TTDMBQ","Lifestyle-You\u2122 Child Safety Strip Furniture Corner Guard For Child Proofing (Dark Brown)                                                        ","5","141 g   /  ","279","4"
"http://www.amazon.in/dp/B06XKG2W38","","0","68.00","YES","","Good Knight                         ","B06XKG2W38","Good Knight Patches Personal Mosquito Repellent (14 Patches)                                                        ","31","  /  ","","4"
"http://www.amazon.in/dp/B00DS1W4NO","#127 in Baby Products  ","10","524.00","YES","Cloudtail India # BABY STATION # Mee Mee # KRISHIV LIFESTYLE # SHIV home world # BABY N TOYYS™ # TINY TOES # YASH SHIV # Smart_bestdeal # Oreo LifeStyle","Mee Mee                         ","B00DS1W4NO","Mee Mee Mild Baby Liquid Laundry Detergent (1.5 Ltr)                                                        ","228","1.7 Kg   / 24.4 x 15.6 x 10 cm ","524 # 550 # 699 # 748 # 774 # 809 # 824 # 848 # 889 # 898","4"
"http://www.amazon.in/dp/B0063BM73I","#102 in Baby Products  ","10","153.00","YES","Cloudtail India # Global Surgical # Redlily Store # Baby  World # Khanna General Store # biomed # MBMInnovations # Rashan Basket Store # Baba General Store # MOTHER CHEMIST","Johnsons                         ","B0063BM73I","Johnsons Baby No More Tears Shampoo (200ml)                                                        ","725","249 g   / 16.8 x 7.9 x 45.2 cm ","153 # 156 # 229 # 235 # 240 # 240 # 245 # 260 # 260 # 315","4"
"http://www.amazon.in/dp/B01IVE18JI","#319 in Baby Products  ","6","279.00","YES","Cloudtail India # Mee Mee # Vinayak enterprises # SHIV home world # TINY TOES # TSS Products","Mee Mee                         ","B01IVE18JI","Mee Mee Squeezy Silicone Food Feeder (Red)                                                        ","148","59 g   /  ","279 # 329 # 399 # 400 # 425 # 428","4"
"http://www.amazon.in/dp/B072FTKRLB","#121 in Baby Products  ","1","195.00","YES","Cloudtail India","Baby Dove                         ","B072FTKRLB","Baby Dove Rich Moisture Hair to Toe Baby Wash (200ml)                                                        ","8","222 g   /  ","195","3"
"http://www.amazon.in/dp/B074DDZXBN","#506 in Baby Products  ","1","499.00","NO","Toyboy","Toyboy                         ","B074DDZXBN","Toyboy 4-in-1 Baby Carrier with Comfortable Head Support - (Purple)                                                        ","14","499 g   /  ","588","3"
"http://www.amazon.in/dp/B00HM2OZ4G","#138 in Baby Products  ","10","297.00","YES","Cloudtail India # BABY STATION # F.O.R. # SHIV home world # OTRPL # Juniors Junction # Rainbowkidsuna # shubhlaxmi baby care # 1st baby store # TINY TOES","Mothercare                         ","B00HM2OZ4G","Mothercare All We Know Baby Lotion 300ml e 0M+ - Pack of 1 300mL                                                        ","111","349 g   /  ","297 # 297 # 334 # 350 # 365 # 379 # 414 # 415 # 419 # 424","3"
"http://www.amazon.in/dp/B01N1M5HAD","#180 in Baby Products  ","3","209.00","YES","Cloudtail India # Redlily Store # F.O.R.","Mamaearth                         ","B01N1M5HAD","Mamaearth Deeply nourishing wash for babies (200 ml 0-5 Yrs)                                                        ","105","118 g   /  ","209 # 299 # 368","3"
"http://www.amazon.in/dp/B072N3GPP4","#3362 in Shoes & Handbags      ","2","260.00","NO","STAR INDIA # Excel India Online","SioTM                         ","B072N3GPP4","Sio\u2122 New Born Baby Socks cum shoes - 2 Pair set                                                        ","1","  /  ","330 # 330","3"
"http://www.amazon.in/dp/B0063BHWUQ","#49 in Baby Products  ","10","107.00","YES","Cloudtail India # KATALYSST # Ranjeet Store # GoNutrio # BSB Bazaar # Redlily Store # Reflection men's wear # TINY TOES # Aari Tari # MBMInnovations","Himalaya                         ","B0063BHWUQ","Himalaya Herbals Gentle Baby Bath (200ml)                                                        ","543","249 g   / 7.3 x 3 x 16 cm ","107 # 140 # 169 # 175 # 182 # 189 # 210 # 210 # 210 # 215","3"
"http://www.amazon.in/dp/B017VOMJ6A","#38 in Baby Products  ","10","268.00","YES","Cloudtail India # KATALYSST # Shopping Sansar # Varshinis # Vinayak enterprises # Bacchpan # TINY TOES # Knexmart # Christy traders # Super easydeals","Himalaya                         ","B017VOMJ6A","Himalaya gentle Baby Wipes (72N * 2 packs)                                                        ","320","735 g   /  ","268 # 320 # 343 # 358 # 363 # 380 # 387 # 399 # 425 # 698","4"
"http://www.amazon.in/dp/B01N32GD33","#55 in Baby Products  ","8","144.00","YES","Cloudtail India # BLUE C # GoNutrio # GoNutrio # Shopping Sansar # PAL INTERNATIONAL # suhagan cosmeitcs # suhagan cosmeitcs","Himalaya                         ","B01N32GD33","Himalaya Gentle Baby Bath (400ml)                                                        ","34","449 g   / 6 x 2 x 6 cm ","144 # 230 # 259 # 270 # 305 # 315 # 410 # 420","4"
"http://www.amazon.in/dp/B00H5NMNXC","#21 in Baby Products  ","10","270.00","YES","BABYHOMES # BLUE C # Sri Lakshmi Agencies # Ranjeet Store # Cloudtail India # Relief Medico # MYMART # SOHAM MEDICALS # Thulir Healthcare # Goel Stores Kavi Nagar GZB","Himalaya                         ","B00H5NMNXC","Himalaya Baby Shampoo (400 ml)                                                        ","251","440 g   / 5 x 2 x 5 cm ","217 # 248 # 258 # 269 # 270 # 270 # 270 # 270 # 270 # 276","4"
"http://www.amazon.in/dp/B00ZTSOJSM","#13 in Baby Products  ","10","140.00","YES","Cloudtail India # Irresia biotech # shree balaji traders ujjain # TINY TOES # PAL INTERNATIONAL # VISHEKHASTORE # BABYHOMES # Dr APJ. Abdulakalam edu. Services # Yadav Ayurvedic chikitsalya # Shopping Sansar","Himalaya                         ","B00ZTSOJSM","Himalaya Gentle Baby Soap Value Pack 4*75g                                                        ","594","9 g   / 2 x 2 x 2 cm ","140 # 174 # 198 # 200 # 204 # 214 # 214 # 240 # 245 # 265","3"
"http://www.amazon.in/dp/B07176JBNX","#76 in Baby Products  ","6","335.00","YES","Cloudtail India # Shopping Sansar # Bacchpan # Vinayak enterprises # Saiyed collaction # Dr APJ. Abdulakalam edu. Services","Himalaya                         ","B07176JBNX","Himalaya Baby Powder (400g Pack of 2 )                                                        ","6","798 g   /  ","335 # 395 # 430 # 430 # 490 # 512","3"
